Entry ID,Religion Name,Region ID,Date Range,4955,4956,4961,4962,4963,4964,4968,4969,4970,4971,4972,4973,4974,4975,4976,4977,4978,4979,4980,4981,weight
174,Matthew-James-Didache Movement,352,50CE-160CE,1,1,1,1,1,1,1,1,1,1,1,1,1,1,1,1,1,1,0,0,0.06734006734006734
178,Ancestral Cult of the Han,104,206BCE-220CE,1,1,1,1,1,1,1,1,1,1,1,X,X,X,X,X,X,X,X,X,1.7714285714285714
180,Chinese Folk Religion,10,350BCE-200CE,0,X,X,X,X,X,X,X,X,X,X,X,X,X,X,X,X,X,X,X,1.1357142857142857
185,Shinnyo-en,86,1936CE-2013CE,1,1,1,1,1,1,1,1,1,1,1,1,1,1,1,X,X,X,X,X,0.11011904761904762
189,Israelite Religion,44,1200BCE-400BCE,1,1,1,1,1,1,1,1,1,1,1,1,X,X,X,X,X,X,X,X,1.2292448292448293
190,Sri Lankan Buddhism 1948-Present,488,1948CE-2015CE,1,X,X,X,X,X,X,X,X,X,X,X,X,X,X,X,X,X,X,X,0.0707196029776675
193,Fijian Religion contemporary,32,2000CE-2013CE,1,1,1,1,1,1,1,1,1,1,1,1,1,1,1,1,1,X,X,X,0.038461538461538464
195,Shakta Religion,43,500CE-1100CE,1,1,1,1,1,1,1,1,1,1,1,X,X,X,X,X,X,X,X,X,0.5949346405228758
196,Pauline Christianity ca 45-60 CE,479,45CE-60CE,1,0,1,1,1,1,1,1,1,X,X,X,X,1,X,X,1,1,1,X,0.045454545454545456
199,Mithraism,132,100CE-400CE,1,1,1,1,1,1,1,X,X,X,X,X,X,X,X,X,X,X,X,X,0.8115108136826713
201,Mediterranean,6,500BCE-500CE,X,0,X,X,X,X,X,X,X,X,X,X,X,X,X,X,X,X,X,X,1.8864626828832225
212,Warring States China Religion,467,481BCE-206BCE,1,0,0,0,0,0,0,0,0,0,0,0,0,1,1,0,0,0,X,X,0.7261904761904762
217,Roman private religion,498,202BCE-44BCE,1,1,0,0,0,0,1,1,0,0,0,0,0,0,1,1,1,0,0,0,0.2057109557109557
224,Old Norse Fornsed,31,600CE-1100CE,1,0,0,0,0,0,0,0,0,0,0,0,0,0,0,0,0,0,0,0,0.8678571428571429
227,Hindu Goddess Worship in Northwest IndiaModern Period,481,1980CE-2000CE,0,1,1,1,0,1,1,1,1,1,1,1,1,1,1,1,0,1,1,X,0.053418803418803416
230,Religion in Mesopotamia,494,3300BCE-539BCE,1,1,X,0,0,1,1,1,0,1,0,0,X,0,X,1,1,0,X,0,17.85021645021645
231,Roman private religion,540,600BCE-202BCE,1,1,0,0,0,0,1,1,0,0,0,0,0,0,1,1,1,0,0,0,0.6895604395604396
249,Tyva Republic Animism-Totemism-Shamanism,52,1990CE-2013CE,1,X,X,X,X,X,X,X,X,X,X,X,X,X,X,X,X,X,X,X,0.30000000000000004
255,Talismanic Religion,130,200BCE-500CE,1,1,1,1,1,1,1,1,1,X,X,X,X,X,X,X,X,X,X,X,2.552380952380952
256,Etruscan Religion,498,10BCE-1BCE,X,X,X,X,X,1,1,X,X,X,X,X,X,1,1,1,X,X,X,X,0.045454545454545456
263,Irish Catholicism,554,2000CE-2015CE,1,1,1,1,1,1,1,1,1,1,1,1,1,1,1,1,1,1,1,0,0.058823529411764705
284,Yolngu religion,567,3500BCE-2015CE,0,1,0,0,0,1,0,0,0,0,0,0,1,0,0,1,1,0,1,0,33.289469608981804
287,Mithraism,132,100CE-400CE,1,X,X,X,X,X,1,1,1,X,0,1,1,X,1,1,1,X,1,X,0.8115108136826713
300,Israelite Religion,44,1200BCE-515BCE,1,1,1,0,0,1,1,1,1,1,1,1,1,1,1,1,1,0,1,1,0.8917748917748918
342,Jesus Associations and the Synoptic Gospels,6,50CE-150CE,0,1,1,1,1,1,1,1,1,1,1,0,X,X,X,X,X,X,X,X,0.2146174387553698
358,16th-17th c Gauya Vaiava Tradition,620,1500CE-1700CE,1,1,1,1,1,1,1,1,1,1,1,1,1,1,1,1,X,X,X,X,0.7
361,Classical Greek Religion,588,500BCE-300BCE,0,0,0,0,0,0,0,0,0,0,0,0,0,0,0,1,1,0,0,0,0.3626373626373626
374,Non-dual aiva Tantra,496,800CE-1600CE,1,1,X,X,X,1,X,X,X,X,X,X,X,X,X,1,1,X,X,1,1.843442265795207
381,Sikhism Guru Nanak to Guru Arjan,481,1469CE-1606CE,1,0,1,1,1,1,1,1,1,1,1,X,1,1,1,0,0,1,1,1,0.1187037037037037
383,Varkaris,649,1200CE-1700CE,1,1,1,1,1,1,1,1,0,0,1,0,1,0,1,0,0,0,0,0,0.5254329004329004
386,Kapingamarangi,650,1877CE-1877CE,1,X,X,X,X,X,X,X,X,X,X,X,X,X,X,X,X,X,X,X,0.07692307692307693
387,Ahmadi Ahmadiyya Muslim Jamaat Ahmadiya,652,1889CE-2016CE,0,1,1,1,1,1,1,1,1,1,0,1,1,1,1,1,1,1,1,1,0.24535780124015416
389,Iban traditional religion,656,1840CE-1970CE,0,1,0,0,0,1,X,X,X,X,X,X,X,X,X,X,X,X,X,X,0.1037037037037037
390,Dasara,654,1610CE-2016CE,0,0,1,0,1,0,0,1,0,0,1,0,0,0,0,1,1,0,0,1,0.2590312912893558
392,Sikhism Guru Hargobind to Guru Gobind Singh,652,1606CE-1708CE,1,0,1,1,1,1,1,1,1,1,1,X,1,1,1,0,0,0,1,1,0.09555555555555556
400,Singaporean Mega-Churches,381,1980CE-2015CE,0,1,1,1,1,1,1,1,1,1,0,0,1,0,1,1,1,1,1,0,0.13392857142857142
416,Edinoverie,669,1800CE-1918CE,1,1,1,1,1,1,1,1,1,1,1,0,1,0,1,1,1,1,1,0,0.5333333333333333
419,The Worship of Jagannath in Puri Odisha,673,1970CE-2016CE,1,1,1,1,1,1,1,1,1,1,1,X,1,1,1,1,1,1,1,1,0.0707196029776675
420,Swaminarayan Sampraday,677,1800CE-2017CE,1,1,1,1,1,1,1,1,1,1,1,1,1,1,1,1,1,1,X,X,0.3375314228255405
422,Demeter Cult,50,1500BCE-396CE,0,1,1,1,1,1,X,1,X,X,0,X,X,0,X,1,1,0,X,X,3.4607915193653733
423,Mediterranean,6,500BCE-500CE,1,0,X,X,X,X,X,X,X,X,X,X,X,X,X,X,X,X,X,X,1.8864626828832225
435,Mongol Religion,685,1206CE-1368CE,0,1,1,0,0,1,0,1,1,X,X,X,X,X,X,X,X,X,X,X,2.019047619047619
441,Worshipers of tal,690,1690CE-2017CE,1,X,1,1,0,1,0,1,0,1,0,0,0,0,0,1,1,0,1,1,0.17838612368024132
442,Donatism,691,311CE-427CE,1,0,1,1,1,1,1,1,1,X,X,1,1,1,X,1,1,1,X,0,0.07225806451612904
443,Tyva Buddhism,52,1634CE-2017CE,1,1,1,1,X,X,X,X,X,X,X,X,X,X,X,X,X,X,X,X,1.4666666666666668
444,Sursurunga,692,1920CE-2017CE,0,0,0,1,X,X,X,X,X,X,X,X,X,X,X,X,X,X,X,X,0.17777777777777776
453,Guangzhou Buddhism,701,1985CE-2017CE,1,1,1,1,1,X,X,X,X,X,X,X,X,X,X,X,X,X,X,X,0.18253968253968253
455,Lan Na Buddhism,703,1292CE-1558CE,1,1,1,1,1,1,1,1,0,1,0,1,1,1,0,1,1,1,0,X,0.8928571428571428
456,The Essenes,485,165BCE-75CE,1,1,1,1,1,1,1,1,1,X,X,X,1,X,1,1,1,X,1,1,0.1037037037037037
457,Kananga - Pentacostal,704,2013CE-2017CE,1,1,1,1,X,X,X,X,X,X,X,X,X,X,X,X,X,X,X,X,0.058823529411764705
458,Tanna - Christian,705,1869CE-2017CE,1,1,1,1,X,X,X,X,X,X,X,X,X,X,X,X,X,X,X,X,0.2547008547008547
459,Tanna - Kastom,705,1100BCE-2017CE,1,1,1,1,X,X,X,X,X,X,X,X,X,X,X,X,X,X,X,X,28.504700854700854
465,Mysore,711,2014CE-2016CE,1,X,X,1,X,X,X,X,X,X,X,X,X,X,X,X,X,X,X,X,0.038461538461538464
468,Turkana,715,1870CE-2017CE,1,X,X,1,X,X,X,X,X,X,X,X,X,X,X,X,X,X,X,X,0.1625272331154684
470,Archaic Spartan Cults,719,800BCE-500BCE,1,1,1,X,1,1,X,1,X,X,1,X,X,0,X,1,1,0,X,X,0.6444444444444444
471,Urban Northern Ireland,720,2015CE-2016CE,1,1,1,X,X,X,X,X,X,X,X,X,X,X,X,X,X,X,X,X,0.058823529411764705
472,Karma Kagyu or Kamtsang Kagyu,96,1110CE-2017CE,1,0,0,0,0,1,1,1,1,1,0,1,1,1,1,1,1,0,1,1,0.39924669012904307
476,Cham Bani,724,1000CE-2015CE,1,1,1,1,0,1,1,1,1,1,0,1,1,1,1,1,1,1,1,1,2.020472582972583
478,Early Indian Buddhism,726,450BCE-1CE,1,X,X,X,X,X,X,X,X,X,X,X,X,X,X,X,X,X,X,X,2.6666666666666665
481,Huichol,728,1780CE-2000CE,1,X,X,X,X,X,X,X,X,X,X,X,X,X,X,X,X,X,X,X,0.13838612368024134
483,Northern Irish Roman Catholics,720,2015CE-2016CE,1,1,1,1,1,1,1,1,1,1,1,0,1,X,1,1,1,1,X,0,0.058823529411764705
484,Northern Irish Protestants,720,2015CE-2016CE,1,1,1,1,1,1,1,1,1,1,1,0,1,X,1,0,0,1,X,0,0.058823529411764705
485,Smi pre-Christian religion,730,500CE-1500CE,0,1,X,X,X,X,X,X,X,0,X,X,X,X,X,1,1,0,X,X,1.2958874458874459
486,Church of Jesus Christ of Latter-day Saints early,731,1820CE-2017CE,1,1,1,1,1,1,1,1,1,1,1,1,1,1,1,1,1,1,1,1,0.07518389469608983
493,Krishna Worship in North India - Modern Period,739,1858CE-2017CE,1,1,X,X,X,X,X,X,X,X,X,X,X,X,X,X,X,X,X,X,0.11617414843221295
520,Cham Ahir,762,1600CE-2015CE,1,1,1,0,0,1,1,1,1,1,1,1,1,0,1,1,1,0,1,1,0.46094877344877344
525,Church of Jesus Christ of Latter-day Saints modern,660,1951CE-2018CE,1,1,1,1,1,1,1,1,1,1,1,1,1,1,1,1,1,1,1,1,0.17777777777777776
526,Hmong Christianity,766,1900CE-2018CE,1,0,1,1,1,1,1,1,1,1,1,0,1,1,1,1,1,1,1,1,0.0707196029776675
534,Roman Imperial Cult,132,42BCE-518CE,X,1,1,1,1,1,X,1,X,1,X,X,1,X,1,1,0,X,0,1,1.3479002611705169
563,Gaddi a Hindu community of the Western Himalayas,797,1845CE-2018CE,1,1,1,1,1,1,1,1,0,1,1,0,1,0,0,1,1,0,0,1,0.11617414843221295
564,Tribal Christianity and allied castes in the Himalayas,799,1950CE-2018CE,1,1,1,1,1,1,1,1,1,1,1,0,0,1,1,1,1,1,1,1,0.053418803418803416
565,Fellahin,803,1925CE-1960CE,1,1,1,1,1,X,X,X,X,X,X,X,X,X,X,X,X,X,X,X,0.037037037037037035
570,Supreme Master Ching Hai World Society,806,1986CE-2018CE,1,0,1,1,1,1,1,1,1,X,1,X,1,1,X,1,1,0,1,1,0.4642857142857143
571,Abkhaz,807,1855CE-1890CE,1,1,X,X,X,X,X,X,X,X,X,X,X,X,X,X,X,X,X,X,0.045454545454545456
572,Trobrianders,808,1890CE-1930CE,0,1,1,X,X,X,X,X,X,X,X,X,X,X,X,X,X,X,X,X,0.14358974358974358
574,Konso,810,1920CE-1967CE,1,1,1,1,1,X,X,X,X,X,X,X,X,X,X,X,X,X,X,X,0.03225806451612903
576,Kuy traditional religions,811,1000CE-2018CE,X,1,1,1,X,X,1,1,1,X,1,X,1,X,1,1,1,0,X,X,2.020472582972583
577,Ganda,812,1860CE-1900CE,1,X,X,X,X,X,X,X,X,X,X,X,X,X,X,X,X,X,X,X,0.1037037037037037
578,Gond,815,1875CE-1910CE,1,1,1,1,1,X,X,X,X,X,X,X,X,X,X,X,X,X,X,X,0.07771260997067449
581,Mentawai Rereiket,818,1970CE-2018CE,1,1,1,0,0,0,0,0,0,0,1,X,X,X,X,X,X,X,X,X,0.0707196029776675
586,Kelantanese Thai Religion,821,1900CE-2017CE,1,1,0,0,0,0,X,1,1,1,0,0,X,0,0,1,1,0,0,0,0.13392857142857142
588,Nyakyusa,822,1905CE-1940CE,1,1,1,1,1,1,X,X,X,X,X,X,X,X,X,X,X,X,X,X,0.037037037037037035
592,Veerashaivas,826,1200CE-2018CE,0,X,X,X,X,X,X,X,X,X,X,X,X,X,X,X,X,X,X,X,0.8237034642916996
592,Veerashaivas,826,11CE-12CE,1,1,1,1,0,1,1,1,1,1,1,1,1,1,1,1,0,1,1,X,0.8237034642916996
597,Confucianism - Eastern Zhou,467,600BCE-200BCE,X,X,X,X,X,X,X,X,X,X,X,X,X,X,1,1,X,X,X,X,3.469047619047619
598,Masai,833,1875CE-1915CE,1,1,1,1,X,X,X,X,X,X,X,X,X,X,X,X,X,X,X,X,0.1037037037037037
600,Riffians,835,1900CE-1930CE,1,1,1,1,1,1,X,X,1,X,X,X,X,X,X,X,X,X,X,X,0.022222222222222223
607,Mohism,467,400BCE-200BCE,1,X,0,0,0,0,0,1,0,0,1,0,1,0,1,1,1,X,X,X,0.7261904761904762
608,Kurd,841,1926CE-1955CE,1,X,X,X,X,X,X,X,X,X,X,X,X,X,X,X,X,X,X,X,0.06666666666666667
609,Tallensi,842,1915CE-1940CE,1,1,1,1,X,X,X,X,X,X,X,X,X,X,X,X,X,X,X,X,0.037037037037037035
613,Maori,846,1800CE-1830CE,X,1,1,X,X,X,X,X,X,X,X,X,X,X,X,X,X,X,X,X,0.07692307692307693
614,Kung,847,1925CE-1960CE,0,1,X,X,X,X,X,X,X,X,X,X,X,X,X,X,X,X,X,X,0.02564102564102564
621,Haitians,854,1910CE-1935CE,1,X,X,X,X,X,X,X,X,X,X,X,X,X,X,X,X,X,X,X,0.03225806451612903
623,Diasporic American Hinduism,856,1965CE-2018CE,1,1,1,1,1,1,1,1,1,0,0,0,1,1,1,1,1,0,0,1,0.15036778939217965
624,The Roshaniyya,857,1550CE-1640CE,1,1,1,1,1,1,1,1,1,1,1,X,1,1,1,1,1,1,1,1,0.07703703703703704
625,Copper Inuit,858,1890CE-1915CE,1,X,X,X,X,X,X,X,X,X,X,X,X,X,X,X,X,X,X,X,0.1037037037037037
626,Barama River Carib,859,1907CE-1935CE,0,1,0,0,0,0,0,X,X,X,X,X,X,X,X,X,X,X,X,X,0.06666666666666667
629,Newar Buddhists,861,1200CE-2018CE,1,1,1,1,1,1,1,1,X,X,1,X,1,1,1,1,1,0,1,1,0.34042316071727835
632,Local Religion at Selinous,864,650BCE-409BCE,1,1,1,1,1,0,0,1,0,0,0,X,X,0,1,1,1,0,0,1,0.24848484848484848
635,Ifugao,866,1890CE-1920CE,1,1,1,X,X,X,X,X,X,X,X,X,X,X,X,X,X,X,X,X,0.1534090909090909
637,Yahgan,868,1900CE-1924CE,1,X,X,X,X,X,X,X,X,X,X,X,X,X,X,X,X,X,X,X,0.21428571428571427
645,Meo Muslim Mev Mewati Muslim,873,1100CE-2020CE,1,1,1,1,1,1,1,1,1,X,X,X,1,1,1,1,1,1,1,1,0.7416070488651134
646,Lakota Religious Traditions,874,1889CE-2018CE,0,1,X,0,0,0,0,0,0,0,0,0,0,0,0,1,1,0,0,0,0.07518389469608983
650,Manus,878,1918CE-1945CE,1,1,1,1,1,X,X,X,X,X,X,X,X,X,X,X,X,X,X,X,0.06666666666666667
657,Trukese,883,1912CE-1949CE,1,1,X,X,X,X,X,X,X,X,X,X,X,X,X,X,X,X,X,X,0.06666666666666667
660,Iban,886,1941CE-1966CE,1,1,X,X,X,X,X,X,X,X,X,X,X,X,X,X,X,X,X,X,0.037037037037037035
662,Goajiro,888,1922CE-1947CE,1,1,X,X,X,X,X,X,X,X,X,X,X,X,X,X,X,X,X,X,0.07142857142857142
671,Mbau Fijians,895,1820CE-1840CE,1,1,X,X,X,X,X,X,X,X,X,X,X,X,X,X,X,X,X,X,0.045454545454545456
674,Aymara,898,1915CE-1940CE,1,1,1,1,1,X,X,X,X,X,X,X,X,X,X,X,X,X,X,X,0.07142857142857142
675,Chukchee,899,1885CE-1910CE,1,1,X,X,X,X,X,X,X,X,X,X,X,X,X,X,X,X,X,X,0.26666666666666666
676,The Order of the Holy Trinity for the Redemption of Captives 1198-1500,900,1198CE-1500CE,1,1,1,1,1,1,1,1,1,1,1,1,1,1,1,1,1,1,1,X,0.9651515151515151
679,Santal,903,1915CE-1940CE,1,1,X,X,X,X,X,X,X,X,X,X,X,X,X,X,X,X,X,X,0.03225806451612903
680,Gujarati Mata Worshipers,677,1850CE-2019CE,1,1,1,1,1,1,1,1,1,1,1,X,1,1,1,1,1,0,1,1,0.08283056812468577
681,Sargonic Empire,904,2350BCE-2150BCE,1,X,1,X,1,1,X,1,X,1,X,X,X,X,1,1,1,0,1,X,1.4
682,Lakher,910,1905CE-1935CE,1,1,1,1,1,X,X,X,X,X,X,X,X,X,X,X,X,X,X,X,0.037037037037037035
684,Huron,907,1615CE-1640CE,1,1,X,X,X,X,X,X,X,X,X,X,X,X,X,X,X,X,X,X,0.25
685,Badjau,908,1940CE-1966CE,X,X,X,X,X,X,X,X,X,1,X,X,X,X,1,1,X,X,X,X,0.0625
686,Popoluca,909,1915CE-1945CE,0,X,X,X,1,X,X,X,X,X,X,X,X,X,X,X,X,X,X,X,0.10267806267806268
688,Darul Uloom Deoband,496,1866CE-2019CE,1,1,1,1,1,1,1,1,1,1,1,1,1,1,1,1,1,1,1,1,0.3313222724987431
690,Ahl-e-Sunnat wa Jamaat,496,1880CE-2019CE,1,0,1,1,1,1,1,1,1,1,1,1,1,1,1,1,1,1,1,1,0.3313222724987431
712,Huichol,925,1880CE-1934CE,X,X,1,1,X,X,X,X,X,X,X,X,X,X,X,X,X,X,X,X,0.05505279034690799
717,Igbo,927,1910CE-1940CE,1,1,1,1,1,1,1,X,X,X,X,X,X,X,X,X,X,X,X,X,0.06666666666666667
721,Semang,929,1910CE-1940CE,X,0,1,X,X,1,0,1,X,X,X,X,X,X,X,X,X,X,X,X,0.037037037037037035
722,Gros Ventre,930,1835CE-1885CE,1,1,1,1,X,X,X,X,X,X,X,X,X,X,X,X,X,X,X,X,0.02857142857142857
729,Kikuyu,937,1895CE-1930CE,1,X,1,1,X,X,X,X,X,X,X,X,X,X,X,X,X,X,X,X,0.26666666666666666
738,Ancient Egyptian,944,3000BCE-300CE,1,1,1,1,1,1,1,1,1,1,1,0,1,0,1,1,1,0,0,1,13.12745818603204
739,Lakalai,945,1885CE-1910CE,0,1,X,0,0,0,0,X,0,X,0,X,X,X,X,X,X,0,X,0,0.14358974358974358
744,Rwala Bedouin,949,1887CE-1915CE,1,1,1,1,1,1,X,X,X,X,X,X,X,X,X,X,X,X,X,X,0.17777777777777776
745,Buka,950,1860CE-1885CE,X,0,0,0,0,0,0,0,0,0,0,0,0,0,0,1,1,0,0,0,0.07692307692307693
749,Korean shamanism,717,1800CE-2020CE,1,1,X,X,X,X,X,1,0,0,1,0,1,0,1,1,1,0,0,0,0.21011904761904762
757,Kiribati,962,1795CE-1820CE,1,1,X,X,X,X,X,X,X,X,X,X,X,X,X,X,X,X,X,X,0.20202020202020202
763,Moriori,968,1810CE-1835CE,1,1,1,1,1,X,X,X,X,X,0,X,X,X,X,X,X,0,X,X,0.07692307692307693
771,Muscular Christianity,975,1762CE-2020CE,1,1,1,1,1,1,1,1,1,1,1,0,1,1,1,0,1,1,1,1,1.1330448345692248
775,Jainism,492,900BCE-2020CE,1,1,1,1,1,1,1,1,1,1,1,0,0,0,1,1,1,0,0,1,10.489763221527927
781,Syria,981,381CE-500CE,0,X,X,X,X,X,X,X,X,X,X,X,X,X,X,X,X,X,X,X,0.10250603864734299
783,Upper Egypt ArchaicEarly Dynastic Period,983,3150BCE-2686BCE,1,X,X,X,X,X,X,X,X,X,X,X,X,X,X,X,X,X,X,X,5.5
784,Upper Egypt Old Kingdom,983,2686BCE-2181BCE,1,X,X,X,X,X,X,X,X,X,X,X,X,X,X,X,X,X,X,X,5.0
785,Upper Egypt First Intermediate Period,983,2181BCE-2055BCE,1,X,X,X,X,X,X,X,X,X,X,X,X,X,X,X,X,X,X,X,1.0
786,Upper Egypt Middle Kingdom,983,2055BCE-1650BCE,1,X,X,X,X,X,X,X,X,X,X,X,X,X,X,X,X,X,X,X,2.3333333333333335
787,Upper Egypt Second Intermediate Period,983,1650BCE-1550BCE,1,X,X,X,X,X,X,X,X,X,X,X,X,X,X,X,X,X,X,X,0.6666666666666666
788,The Late Bronze Age City-State of Ugarit,984,1500BCE-1200BCE,0,0,0,0,0,0,0,1,0,0,0,0,0,0,0,1,1,0,0,0,0.8928571428571428
794,Omaha,986,1840CE-1880CE,1,1,X,X,1,1,1,1,1,X,X,X,X,X,X,X,X,X,X,X,0.02857142857142857
807,British Isles I Pre-Roman Britain,992,500BCE-43BCE,X,X,X,X,X,X,X,X,X,X,X,X,X,X,X,X,X,X,X,X,0.5475810738968634
808,British Isles II Pre-Theodosian Roman Britain,992,43BCE-380CE,X,X,X,X,X,X,X,X,X,X,X,X,X,X,X,X,X,X,X,X,0.18250869108254508
809,British Isles III Pre-Theodosian Roman Britain Continued,992,43BCE-380CE,1,X,X,X,X,X,X,X,X,X,X,X,X,X,X,X,X,X,X,X,0.18250869108254508
810,British Isles IV Pre-Theodosian Roman Britain Continued,992,43BCE-380CE,1,X,X,X,X,X,X,X,X,X,X,X,X,X,X,X,X,X,X,X,0.18250869108254508
811,British Isles V Christian Roman Britain,992,380CE-500CE,X,X,X,X,X,X,X,X,X,X,X,X,X,X,X,X,X,X,X,X,0.12225806451612903
814,British Isles VI Christian Roman Britain,992,380CE-500CE,1,X,X,X,X,X,X,X,X,X,X,X,X,X,X,X,X,X,X,X,0.12225806451612903
815,British Isles VII Christian Roman Britain,992,380CE-500CE,1,X,X,X,X,X,X,X,X,X,X,X,X,X,X,X,X,X,X,X,0.12225806451612903
817,Early Medieval British Christianity,992,350CE-650CE,1,X,X,X,X,X,X,X,X,X,X,X,X,X,X,X,X,X,X,X,0.21316715542521994
835,British Isles Pre-Roman,992,500BCE-43CE,X,X,X,X,X,X,X,X,X,X,X,X,X,X,X,X,X,X,X,X,0.5475810738968634
836,British Isles Romano-British,992,43CE-500CE,X,X,X,X,X,X,X,X,X,X,X,X,X,X,X,X,X,X,X,X,0.27250869108254505
839,19th century German Protestantism,1008,1788CE-1914CE,1,1,1,1,1,1,1,1,1,1,0,1,1,1,1,1,1,1,0,X,0.9106532356532356
841,Sa skya,1010,1073CE-2020CE,1,1,1,1,1,0,1,1,0,1,1,1,X,1,1,1,1,0,X,X,2.020472582972583
842,American Evangelicalism,1011,1730CE-2020CE,1,1,1,1,1,1,1,1,1,1,1,0,1,1,1,1,1,1,0,0,0.7979257869501771
849,Gaiwiio Religion Longhouse Religion or The Way of Handsome Lake of the Seneca Tribe,1016,1750CE-1850CE,1,1,1,1,1,1,1,1,1,1,1,1,1,0,1,1,1,0,1,1,0.09999999999999999
851,Sikhism in the United States,1018,1899CE-2020CE,1,0,1,1,1,1,1,1,1,1,1,0,1,1,1,0,0,0,1,1,0.15036778939217965
852,Pre-Christian Religion  Paganism in Ireland,1019,500BCE-900CE,1,1,1,X,X,1,1,1,X,1,X,X,1,X,1,1,1,0,1,X,1.3678910864649405
854,pre-Christian Irish,554,400BCE-900CE,1,1,0,0,0,0,1,1,0,0,0,1,X,0,0,1,X,0,1,0,1.2567799753538293
855,Middle-Class Migrant Muslims in the UAE,1021,1900CE-2020CE,1,1,1,1,1,1,1,1,1,1,1,0,1,1,1,1,1,1,1,1,0.1380952380952381
859,Valentinians,6,135CE-400CE,1,1,0,0,0,1,1,1,0,1,0,0,0,0,0,1,1,0,0,0,0.3774300890680201
860,Kimpa Vita,1025,1704CE-1706CE,1,1,1,1,1,0,1,1,0,0,0,0,1,1,1,1,1,0,1,0,0.2
869,Sichuan Esoteric Buddhist Cult,1031,855CE-1279CE,1,1,1,1,1,1,1,1,1,1,1,1,1,1,1,1,1,X,1,X,2.5
870,Postsocialist Mongolian Buddhism,1032,1990CE-2020CE,1,1,1,1,1,X,X,1,X,X,X,X,1,X,X,1,1,0,X,X,0.30000000000000004
873,The Branch Davidians,1035,1962CE-1993CE,1,1,1,1,1,1,1,1,1,1,1,1,1,1,1,1,1,1,1,1,0.022222222222222223
879,Free Methodist Church,1103,1860CE-2020CE,1,0,1,1,1,1,1,1,1,1,1,1,1,1,1,0,0,1,1,0,2.7669835816073145
880,Egyptian Salafism inluding North Africa and West Asia,1038,1870CE-2015CE,1,1,1,1,1,0,1,1,X,1,1,1,1,1,1,1,1,1,1,1,0.910146280734516
883,Catholics in the Peoples Republic of China PRC,1132,1949CE-2020CE,1,1,0,X,X,X,X,X,X,X,X,X,X,X,X,X,X,X,X,X,0.44047619047619047
883,Catholics in the Peoples Republic of China PRC,809,1949CE-2020CE,1,1,1,1,1,1,1,1,1,1,1,1,1,1,1,1,1,X,X,X,0.44047619047619047
886,Pushtimarg The Path of Grace in the UK and Gujarat,1042,1990CE-2020CE,1,1,1,1,1,1,1,1,1,1,1,1,1,1,1,1,1,1,1,1,0.0707196029776675
887,Postsocialist Mongolian Shamanism,1043,1990CE-2020CE,1,1,1,1,1,X,1,1,X,X,X,X,1,X,X,1,1,0,X,X,0.30000000000000004
888,Cli D monks,1044,780CE-900CE,1,1,1,1,1,1,1,1,1,1,1,0,1,1,1,1,1,1,1,1,0.23333333333333334
891,Peruvian Mormons,1047,1956CE-2020CE,1,1,1,1,1,1,1,1,1,1,1,1,1,1,1,1,1,1,1,1,0.18253968253968253
894,Universal Fellowship of Metropolitan Community Churches,1049,1968CE-2020CE,1,0,1,1,1,1,1,1,0,1,1,1,0,1,1,1,1,1,1,0,0.09322493224932249
896,Sann Shint,1050,800CE-1571CE,0,1,1,0,1,0,0,1,1,0,1,0,0,0,1,1,1,0,1,1,1.819047619047619
899,Nahdlatul Ulama NU,1053,1926CE-2020CE,1,1,1,1,1,1,0,1,1,1,X,0,1,1,1,1,1,1,0,1,0.26785714285714285
902,British Isles Christian,992,300CE-500CE,1,X,X,X,X,X,X,X,X,X,X,X,X,X,X,X,X,X,X,X,0.12225806451612903
904,EuboeaCentral Macedonia Nicaean-Chalcedonian Christianity,997,397CE-500CE,1,X,X,X,X,X,X,X,X,X,X,X,X,X,X,X,X,X,X,X,0.12225806451612903
906,The Church of England,725,1963CE-2020CE,1,1,1,1,1,1,1,1,1,1,1,1,1,1,1,1,1,1,1,1,0.09586056644880174
910,Christian Base Community movement,1062,1968CE-1998CE,1,1,1,1,1,1,1,1,1,0,1,1,1,1,1,1,1,0,1,0,0.2587301587301587
911,Italy Roman Catholic Christianity,991,1260CE-1302CE,1,X,X,X,X,X,X,X,X,X,X,X,X,X,X,X,X,X,X,X,0.17424242424242425
914,Tariqa Shadhiliyya,1064,1258CE-2020CE,1,1,1,1,1,1,1,1,0,1,1,1,0,0,1,1,1,1,1,1,2.9343526299408653
915,Protestantism welcoming People with Disabilities,1065,2000CE-2020CE,1,1,1,1,1,1,1,1,1,1,1,0,1,1,1,0,1,1,1,0,0.024390243902439025
917,British Isles Predominantly Celtic Polytheism,992,500BCE-50BCE,X,X,X,X,X,X,X,X,X,X,X,X,X,X,X,X,X,X,X,X,0.5475810738968634
919,Catholicism in contemporary Croatia,1068,1995CE-2020CE,1,1,1,1,1,1,1,1,1,1,1,0,1,1,1,1,0,0,1,0,0.0707196029776675
921,Bhils,1070,1900CE-2020CE,1,1,1,1,0,1,1,1,0,1,1,0,1,0,1,1,1,0,X,0,0.18760271986078436
922,British Isles Mixed Roman and British Polytheism,992,50BCE-400CE,1,X,X,X,X,X,X,X,X,X,X,X,X,X,X,X,X,X,X,X,0.22250869108254506
923,British Isles Introduction of Early Christianity through the End of ColumbanIrish Christianity,992,200CE-700CE,1,X,X,X,X,X,X,X,X,X,X,X,X,X,X,X,X,X,X,X,0.4036433459014104
926,Ladakhi Buddhism,1074,842CE-2020CE,1,1,1,1,1,1,1,1,1,1,1,1,1,1,1,1,1,0,1,1,0.5992466901290431
927,Zealots,485,0CE-74CE,1,1,1,1,1,1,X,1,1,X,1,1,1,X,1,1,1,0,1,X,0.037037037037037035
928,The Ghost Dance Movement and the Lakota Sioux,1075,1860CE-1910CE,1,0,1,1,1,0,1,1,1,0,1,0,0,0,0,1,1,0,0,0,0.050793650793650794
929,Drikung Kagyu,1076,1143CE-2020CE,0,1,0,0,0,0,0,1,0,X,1,1,0,0,1,1,1,0,0,1,0.39924669012904307
933,Marcionites,1080,144CE-1000CE,1,1,1,1,1,1,1,1,0,1,1,0,1,1,1,1,1,0,0,0,6.545362529599604
934,Mongolian Buddhism during the Revolutionary Period,1081,1911CE-1940CE,1,1,1,1,1,X,1,1,X,X,X,X,1,X,X,1,1,1,X,X,0.1
935,Nigerian Pentecostalism,1082,1910CE-2020CE,1,1,1,1,1,1,1,1,1,1,1,1,1,1,1,1,1,1,0,1,0.09586056644880174
937,Vestal Virgins,872,800BCE-394CE,1,0,1,1,1,1,1,1,1,1,1,1,1,X,1,1,1,0,0,1,1.7504501245880555
940,Julio-Claudian Imperial Cult,132,31BCE-68CE,1,1,1,1,1,1,1,1,1,1,1,1,1,X,1,1,1,1,0,1,0.26306928938507884
941,Chan Buddhists in early Qing period,1087,1600CE-1700CE,1,1,1,1,1,1,1,1,X,0,1,X,1,1,1,1,1,0,X,X,0.5833333333333333
942,African Methodist Episcopal Church,1095,1816CE-2020CE,1,1,1,1,1,1,1,1,1,1,1,1,1,1,1,1,1,1,1,0,0.7332570134578743
943,Moravian Missionaries in Nunatsiavut,1091,1752CE-2020CE,1,1,1,1,1,1,1,1,1,1,1,1,1,1,1,1,1,1,1,1,0.3625272331154684
944,Mohylas Ukrainian Church,331,1620CE-1700CE,1,1,1,X,1,1,1,1,1,1,X,1,1,X,1,1,1,1,X,X,0.14285714285714285
948,Christianity in Ephesus,1094,120CE-300CE,1,1,1,1,1,1,1,1,X,1,X,X,X,1,X,1,1,1,1,X,0.09141414141414142
950,The Religious Society of Friends,1125,1652CE-2020CE,1,1,1,1,1,1,1,1,1,1,1,1,1,1,1,0,0,1,1,1,0.28946960898180407
952,Ethiopian Jews,1104,1980CE-2020CE,1,0,1,1,1,1,1,1,1,0,1,0,1,1,1,1,1,0,1,1,0.1380952380952381
953,Sachchai,1140,1975CE-2020CE,1,0,1,1,1,1,1,1,1,1,1,1,1,1,1,0,0,0,1,0,0.053418803418803416
955,British Isles AugustinianRoman Christianity,992,600CE-800CE,1,X,X,X,X,X,X,X,X,X,X,X,X,X,X,X,X,X,X,X,0.4004329004329004
960,Bn Bon,1107,1000CE-2020CE,1,1,1,1,1,0,0,1,0,1,1,1,1,1,1,1,1,0,1,1,0.4659133567957097
961,Romanian Orthodox Church,1108,1885CE-2020CE,1,1,1,1,1,1,1,1,1,1,1,0,1,1,1,1,1,1,1,0,0.11617414843221295
963,The Knights Templar,1110,1119CE-1312CE,1,0,1,1,1,1,1,1,0,1,1,1,1,1,1,1,1,1,X,X,0.8143578643578644
965,Pachomian Monasticism,1112,323CE-548CE,1,1,1,1,1,1,1,1,1,1,1,1,1,1,1,1,1,1,1,1,1.1666666666666665
966,Naqshband Order Naqshband Tarqa Naqshbandyyah Khwjagn,1113,1318CE-2020CE,1,1,1,1,1,1,1,1,1,1,1,X,1,1,1,1,1,1,1,1,2.3333333333333335
968,Anabaptist Mennonites in North America 1683-2021,1115,1683CE-2021CE,1,1,1,1,1,1,1,1,1,0,1,1,1,1,1,1,0,1,1,0,1.1578784359272163
970,Cult of Isis Mysteries of Isis,132,323BCE-500CE,1,1,1,1,1,1,X,1,1,1,1,1,1,X,1,1,1,1,X,1,2.7512136144838704
971,Gapatya,1120,500CE-2020CE,1,1,1,1,1,1,0,1,0,0,0,0,1,0,1,1,1,0,1,1,0.9353578012401542
972,Nestorian Christianity,1121,431CE-1500CE,1,1,1,1,1,1,1,1,1,1,1,0,1,1,1,1,1,1,1,1,23.9452845499201
973,The Sarna religion of the Oraons of Jharkhand,1136,1845CE-2019CE,1,1,0,0,0,1,0,1,1,1,1,1,1,0,1,1,1,0,0,1,0.11617414843221295
974,Greek Chalcedonian Christians Nicaea,1124,1204CE-1261CE,1,1,1,1,1,1,1,1,1,1,1,0,1,1,1,1,1,1,1,0,0.07142857142857142
976,Mising Community,1133,1187CE-2019CE,1,0,X,X,X,0,1,1,1,1,1,0,1,0,1,1,1,0,1,1,0.7416070488651134
977,Chishti Sufis,1127,1200CE-2020CE,1,1,1,1,1,1,1,1,1,1,1,0,1,1,1,1,1,0,1,1,1.3616926428691134
978,Indonesian Catholicism,1053,1500CE-2020CE,1,0,1,1,1,1,1,1,1,1,1,1,1,1,1,1,1,1,1,X,1.2076118326118326
980,Pure Land Buddhist Schools in Early Medieval Japan,1141,1175CE-1333CE,1,0,1,1,1,1,1,1,1,0,1,0,1,1,1,1,1,0,0,1,0.4857142857142857
982,The Samaritans Persian to early Roman periods,1138,500BCE-100CE,1,1,1,1,1,1,1,1,X,1,X,X,1,X,1,1,1,X,1,X,0.4344396344396344
983,Tibetan and Himalayan Mundane and Landscape Cults,1107,600CE-2020CE,1,1,1,0,0,1,1,1,1,1,1,1,1,1,1,1,1,1,0,1,0.8103578012401542
984,Calvinism EarlyReformation,1139,1530CE-2020CE,1,1,1,1,1,1,1,1,1,1,1,0,1,1,1,1,1,1,1,0,0.34236462462268913
987,Parsis Zoroastrians of India,1145,1600CE-2020CE,1,0,1,1,1,1,1,1,1,1,1,X,1,1,X,1,1,0,1,1,0.2590312912893558
988,Churches of Christ- United States,1146,1832CE-2020CE,1,0,1,1,1,1,1,1,1,0,X,0,1,0,0,1,1,1,1,0,0.15036778939217965
993,Pontifex Maximus and Pontifices Pontifical College,872,712BCE-380CE,1,0,1,0,0,1,1,1,1,1,1,1,1,1,1,1,1,1,1,1,1.2504501245880555
994,Monastic Communities of Lower Egypt Nitria Kellia Scetis,1150,330CE-470CE,1,0,1,1,1,1,1,1,1,1,1,1,1,1,1,1,1,1,1,1,0.6666666666666666
995,Tamil Neo-Saivism,1151,1841CE-2020CE,0,1,1,1,1,1,1,0,0,0,0,1,1,1,0,0,0,1,1,X,0.11617414843221295
997,Ancient Egypt - Early Dynastic Period,535,2950BCE-2670BCE,1,X,X,X,X,X,X,X,X,X,X,X,X,X,X,1,1,0,X,X,1.8333333333333333
1004,Religion in Roman Ostia,1158,200BCE-300CE,1,1,0,0,0,0,1,1,X,X,0,0,1,0,0,1,1,0,0,0,0.26654641654641653
1006,Ancient Egypt - Old Kingdom,535,2670BCE-2168BCE,1,1,1,1,1,1,1,1,1,0,1,0,1,1,1,1,1,0,1,1,2.6666666666666665
1008,Ancient Egypt - First Intermediate Period,535,2168BCE-2010BCE,1,1,1,X,X,1,1,1,1,0,1,0,1,1,1,1,1,0,1,1,0.8333333333333333
1012,Inhabitants of Medieval Kurgus,383,550CE-1500CE,1,1,1,0,1,1,1,1,1,1,X,1,1,X,1,1,1,1,0,0,2.7337662337662336
1013,Estado da ndia Renegades in Deccan,1165,1510CE-1640CE,1,1,1,1,1,1,1,1,X,1,0,1,0,0,0,1,1,1,0,0,0.07703703703703704
1037,Third Intermediate Period in Ancient Egypt,535,1100BCE-650BCE,1,1,1,X,X,1,1,1,X,X,X,X,1,1,1,1,1,X,1,1,1.2833333333333332
1038,Sino-Muslims in Qing China,1183,1644CE-1911CE,1,1,1,1,1,1,1,1,1,1,1,1,1,1,1,1,1,1,1,1,0.8785714285714286
1041,Korean Catholicism,717,1600CE-2021CE,1,0,1,1,1,1,1,1,1,1,1,1,1,1,1,1,1,1,1,1,0.5017857142857143
1043,Islam in Aceh,1187,1500CE-2020CE,1,1,1,1,1,1,1,1,1,1,1,1,1,1,1,1,1,1,1,X,0.6416070488651133
1051,Religion at Tell el-Daba ancient Avaris in Ancient Egypt,1296,1960BCE-1550BCE,X,X,0,0,0,0,1,1,0,0,0,0,1,0,1,1,1,0,0,1,2.1666666666666665
1069,Religion at Deir el-Medina,1207,1504BCE-1069BCE,1,1,1,0,0,0,1,1,1,1,1,1,1,X,1,1,1,0,1,X,5.333333333333333
1071,Digital Shinto Communities,1435,2001CE-2021CE,1,1,1,1,1,1,1,1,0,0,1,0,1,0,X,1,1,0,0,1,0.5176151761517616
1083,Drukpa Kagy School Bhutan,1227,1625CE-2021CE,1,1,1,1,1,0,1,1,0,1,1,X,1,X,1,1,1,0,0,1,0.46094877344877344
1087,The Bogomils,1224,969CE-1400CE,1,1,1,1,1,1,X,1,X,1,1,X,X,0,1,1,1,1,0,X,0.5726911976911977
1108,Early Christianity and Monasticism in Egypt,1254,0CE-600CE,1,1,1,X,X,1,1,1,1,1,1,1,1,1,1,1,X,X,1,X,0.363417781991636
1125,Ancient Egypt - the Ramesside Period,1269,1292BCE-1070BCE,1,1,1,X,X,X,X,X,X,X,X,X,X,X,X,X,X,X,X,X,3.3178910864649405
1127,Anglican Church of Korea,1271,1890CE-2021CE,1,1,1,1,1,1,1,1,1,1,1,1,1,1,1,1,1,1,1,1,0.21011904761904762
1129,Ancient Thessalians,1274,700BCE-476CE,1,1,1,1,1,1,0,1,0,0,0,0,1,0,1,1,1,0,0,0,1.0507915193653734
1136,The Fellowship of Goodness  Tongshanshe,1280,1910CE-1951CE,1,X,X,X,X,X,1,X,X,X,X,X,1,X,X,X,X,X,X,0,0.07142857142857142
1149,Christianity in Tang China,1297,618CE-906CE,1,1,X,1,0,1,1,1,1,X,1,1,1,1,1,1,1,1,1,1,1.1666666666666665
1162,Lingbao dafa,1307,400CE-1400CE,1,1,X,X,X,X,1,1,X,X,X,X,X,1,X,X,1,1,X,X,7.333333333333333
1178,Modern Mystery School MMS,1322,1997CE-2021CE,1,1,1,1,1,1,1,1,1,1,1,1,1,1,1,1,1,1,1,1,0.2033439798683701
1180,Batak Traditional Religions,1325,1600CE-2020CE,1,1,1,1,1,1,1,1,0,1,1,0,1,0,1,1,1,1,1,X,0.5180625825787116
1180,Batak Traditional Religions,1325,1940CE-1970CE,1,X,X,X,X,X,X,X,X,X,X,X,X,X,X,X,X,X,X,X,0.5180625825787116
1183,Religion at Nippur in the Ur III period,1328,2100BCE-2000BCE,1,X,X,X,X,1,1,X,1,X,X,X,1,1,0,1,X,X,X,X,0.45
1189,YdiyaSamal,1333,920BCE-713BCE,1,X,1,X,X,X,1,1,X,X,X,X,X,X,1,1,1,0,1,X,0.28181818181818186
1191,Religion in Greco-Roman Alexandria,1335,300BCE-300CE,1,X,X,X,X,X,X,1,1,0,X,X,0,X,0,1,1,1,X,1,5.833333333333333
1192,Kaharingan,1336,1945CE-2021CE,1,1,1,1,1,1,1,1,X,1,1,0,1,X,1,1,1,1,1,1,0.0707196029776675
1196,Kiche Quich,1343,1910CE-1940CE,1,1,1,1,1,X,X,X,X,X,X,X,X,X,X,X,X,X,X,X,0.03225806451612903
1210,Mende,1355,1920CE-1950CE,1,X,X,X,X,X,X,X,X,X,X,X,X,X,X,X,X,X,X,X,0.037037037037037035
1223,Toda,1370,1885CE-1910CE,X,1,1,X,X,X,X,X,X,X,X,X,X,X,X,X,X,X,X,X,0.07771260997067449
1227,Polytheistic Pre-Islamic South Arabia,1376,800BCE-360CE,X,1,X,X,1,X,1,X,X,X,X,X,X,1,1,1,0,X,1,X,1.7365560365560366
1227,Polytheistic Pre-Islamic South Arabia,1376,900BCE-360CE,1,X,X,X,X,X,X,X,X,X,X,X,X,X,X,X,X,X,X,X,1.7365560365560366
1229,Three Self Patriotic Movement TSPM,1132,1950CE-2021CE,1,1,1,1,1,1,1,1,1,1,1,X,1,1,1,1,1,1,1,1,0.22023809523809523
1234,Ashanti,1382,1880CE-1910CE,1,1,1,1,1,1,1,X,X,X,X,X,X,X,X,X,X,X,X,X,13.300240656636651
1241,Taiping  Movement,1388,1837CE-1866CE,1,0,1,1,1,1,1,1,1,1,1,X,X,X,1,1,1,1,1,X,0.14285714285714285
1247,Exovedate,1393,1885CE-1885CE,1,1,1,1,1,1,1,1,1,1,1,1,1,1,1,1,1,1,1,1,0.06666666666666667
1248,Religion in the Old Assyrian Period,1394,1972BCE-1718BCE,1,1,1,1,1,1,1,1,1,1,1,X,1,X,1,1,1,0,1,X,0.8333333333333333
1251,Tsonga,1397,1880CE-1910CE,1,1,1,1,X,X,X,X,X,X,X,X,X,X,X,X,X,X,X,X,0.1037037037037037
1258,Religion in Judah,1404,1000BCE-586BCE,1,1,1,X,X,1,1,1,1,1,1,X,1,1,1,1,1,0,1,X,0.5822510822510822
1263,JudeanYehudite Colony at Elephantine Persian period,1411,500BCE-399BCE,1,X,X,X,X,X,X,1,X,X,X,X,X,X,X,X,X,X,X,X,2.5
1268,Monotheistic Pre-Islamic South Arabia,1414,360CE-570CE,1,X,X,X,X,X,1,1,X,X,X,X,X,X,X,X,1,1,X,X,0.10250603864734299
1283,Butonese Muslims,1431,1500CE-2002CE,1,X,X,X,X,X,1,X,X,1,X,X,1,0,X,1,1,0,X,X,0.6038059163059163
1284,Religion of Phoenicia,1432,1200BCE-330BCE,1,X,X,X,X,1,1,1,X,X,X,X,X,X,X,1,1,0,X,X,1.054112554112554
1293,The Zapotec or Ben Zaa The Cloud People,1444,2000BCE-2022CE,1,1,1,0,0,1,1,1,0,1,0,0,1,1,0,1,1,1,0,0,18.289469608981804
1295,Donatism,1446,311CE-600CE,1,X,1,1,1,1,1,1,1,1,1,X,1,1,1,1,1,1,1,X,0.21316715542521994
1300,Enlace de Agentes de Pastoral Indgena EAPI Network of Indigenous Ministry Agents,1450,1990CE-2022CE,1,1,1,1,1,1,1,1,1,1,1,1,1,1,1,1,1,1,1,X,0.09322493224932249
1307,Southern Baptists,1457,1845CE-2022CE,1,0,1,1,1,1,1,1,1,1,X,X,1,1,1,1,1,1,1,X,0.15036778939217965
1308,Jews and Jewish-Sympathizers in South Arabia,1458,275CE-530CE,1,0,0,0,0,0,0,0,0,0,0,0,0,0,0,0,0,0,0,0,0.13583937198067633
1309,Circumcellions,526,315CE-500CE,1,1,1,1,0,1,1,1,X,1,X,1,1,X,1,1,1,1,1,0,0.10735930735930735
1311,Jehovahs Witnesses,1460,1870CE-2022CE,0,1,1,1,1,1,1,1,1,1,1,1,1,1,1,1,1,1,1,1,0.07518389469608983
1322,Pagans under the Emperor Julian,132,361CE-363CE,1,1,1,1,1,1,0,1,0,1,0,0,0,0,0,1,1,0,0,0,0.1735279057859703
1323,Luguru,1470,1910CE-1935CE,1,X,X,X,X,X,X,X,X,X,X,X,X,X,X,X,X,X,X,X,0.037037037037037035
1333,Cult of Thecla,1487,150CE-600CE,1,1,1,1,1,1,1,1,1,1,1,0,1,0,1,1,1,1,1,1,1.4481837110002462
1334,No-debt Movement in US Evangelicalism,1018,1980CE-2022CE,1,0,1,1,1,1,1,1,1,1,1,1,1,1,1,1,1,1,1,0,0.09322493224932249
1335,Congregation of the Oratory,991,1575CE-1700CE,1,1,1,1,1,1,1,1,1,1,1,1,1,1,1,1,1,1,0,0,0.22619047619047616
1337,Tell Afis Syria,1488,1200BCE-600BCE,0,1,X,X,X,0,X,1,0,0,0,0,X,0,X,1,1,0,0,0,0.8251082251082251
1341,Muslim Students Association of the United States and Canada,1494,1960CE-2022CE,1,1,1,1,1,1,1,1,1,1,0,1,1,1,1,1,1,1,1,1,0.046612466124661245
1344,Tibetan Nonsectarianism ris med,1497,1840CE-1920CE,1,1,1,1,1,1,1,1,X,1,1,X,1,1,X,1,1,1,0,0,0.21428571428571427
1348,Disability-focused Christianity for Palestinians,1502,2012CE-2022CE,1,0,1,1,1,1,1,1,1,1,1,0,1,0,1,0,0,1,1,0,0.07142857142857142
1349,The Dingxiang Wang Cult,1503,1124CE-1991CE,X,X,1,0,0,X,X,X,X,1,0,0,X,0,1,1,1,0,X,0,1.425
1357,Encratites,1511,100CE-400CE,1,1,0,0,0,1,X,1,1,1,X,1,1,1,1,1,1,1,X,1,0.679409007442934
1371,Twelver Shiism in post-revolutionary Iran,1526,1979CE-2022CE,1,1,1,1,1,1,1,1,1,1,1,1,1,1,1,1,1,1,1,1,0.1380952380952381
1374,The Reformed Church Early Orthodoxy,1527,1560CE-1620CE,1,1,1,1,1,1,1,1,1,1,1,0,1,1,1,1,1,1,1,1,0.15476190476190477
1386,Liumen Liu School,1541,1807CE-1950CE,1,1,1,1,1,1,1,1,1,1,1,1,1,1,1,1,1,X,1,X,0.14761904761904762
1390,Eastern Apache,1545,1855CE-1880CE,1,X,X,X,X,X,X,X,X,X,X,X,X,X,X,X,X,X,X,X,0.02857142857142857
1399,Religion in the Mittani Empire,1554,1550BCE-1350BCE,1,X,X,X,X,X,X,1,X,X,1,X,X,X,1,1,1,X,X,X,0.75
1404,Religion in Nabataea,1560,300BCE-450CE,1,X,X,X,X,X,1,1,X,X,X,X,X,X,X,1,1,X,X,X,0.369224987974988
1419,Ancient Egyptian Religion in the Early 18th Dynasty,1577,1550BCE-1425BCE,1,1,1,X,X,1,1,1,1,X,X,X,1,1,1,1,1,X,1,1,0.6666666666666666
1434,Kuna,1589,1912CE-1937CE,1,1,1,1,X,X,X,X,X,X,X,X,X,X,X,X,X,X,X,X,0.022222222222222223
1488,Botocudo,1646,1869CE-1894CE,1,X,X,X,X,X,X,X,X,X,X,X,X,X,X,X,X,X,X,X,0.14285714285714285
1517,Tunisian Womens Associations,341,1936CE-1962CE,1,X,1,1,1,1,1,1,1,1,X,X,1,1,1,1,1,X,1,X,0.037037037037037035
1529,Byzantine Iconoclasts 726-787 CE,13,720CE-743CE,1,1,1,1,1,1,1,1,1,1,X,X,1,1,1,1,1,1,1,1,0.3246753246753247
1535,     ,1724,1921CE-1956CE,1,1,0,0,0,0,1,0,0,1,0,0,1,1,1,1,1,0,0,1,0.037037037037037035
1542,Umbanda,1750,1913CE-2022CE,1,1,1,1,1,1,1,1,1,0,1,1,1,1,1,1,1,0,1,1,0.18253968253968253
1544,Ukrainian Greek Catholic Church,331,1596CE-2022CE,1,1,1,1,1,1,1,1,1,1,1,1,1,1,1,1,1,1,1,1,0.34236462462268913
1555,Al-Ahbash ,1764,1970CE-2022CE,1,1,1,1,0,0,1,1,1,1,1,1,1,1,1,1,1,1,1,1,0.2761904761904762
1570,Tamil Muslims,1117,20CE-21CE,1,1,1,1,1,1,1,1,1,1,1,1,1,1,1,1,1,1,1,1,1.190957190957191
1574,Household religion at Ur,1328,2000BCE-1800BCE,1,X,0,0,0,0,0,0,0,0,0,0,0,0,0,0,1,0,0,0,0.75
1582,Cult of Bona Dea,132,300BCE-500CE,1,1,1,1,0,1,1,1,X,0,0,X,1,0,1,1,1,1,X,1,2.7512136144838704
1607,Zaydism and the state in Yemen,1822,897CE-1700CE,1,1,1,1,1,1,1,1,1,1,1,1,1,1,1,1,1,1,1,X,1.2155483405483405
1615,Teuchitlan Tradition,1833,300BCE-400CE,1,X,X,X,X,1,X,X,X,X,X,X,1,X,X,X,1,X,X,X,1.6428571428571428
1626,The Cult of Maritime Hera,1848,800BCE-400BCE,1,0,0,0,1,1,0,0,1,0,0,1,0,0,1,1,1,0,0,1,0.4303030303030303
1653,Homoian Christianity amongst Visigoths,132,341CE-399CE,1,X,1,1,1,1,1,1,1,1,X,0,X,X,1,1,1,1,X,X,0.6493480638887371
1654,Le Parti du Mouvement de La Nahdha   ,1866,1981CE-2023CE,1,1,1,1,1,1,1,1,1,1,1,1,1,1,1,1,1,1,1,1,0.09586056644880174
1708,  Al-Ibadia,1909,708CE-2023CE,1,1,1,1,1,1,1,1,1,1,1,1,1,1,1,1,1,1,1,1,1.5556637806637807
1709,Almohads al-Muwaidn,1910,1115CE-1269CE,1,1,1,1,1,1,1,1,1,1,1,1,1,1,1,1,1,1,1,1,0.18333333333333335
1737, AlImamia,1943,661CE-2023CE,1,1,1,1,0,1,1,1,1,1,1,1,1,1,1,1,1,0,0,1,3.3113275613275612
1759,   Attarika Achadoulia,1962,1195CE-2023CE,1,1,0,0,0,1,1,1,1,1,1,1,1,1,1,1,1,1,1,1,2.3625272331154683
1791,      12 Attarika Al Qadiria  Bagdad la priode fondatrice le XIIe sicle,1985,1100CE-1200CE,1,1,0,0,0,1,1,1,1,1,1,1,1,1,1,1,1,0,1,1,0.18253968253968253
